media,dt,count
state media - Zhong Nanshan ,01/20/2020,5
state media - Zhong Nanshan ,01/21/2020,3
state media - Zhong Nanshan ,01/22/2020,1
state media - Zhong Nanshan ,01/23/2020,2
state media - Zhong Nanshan ,01/24/2020,1
state media - Zhong Nanshan ,01/25/2020,1
state media - Zhong Nanshan ,01/26/2020,1
state media - Zhong Nanshan ,01/28/2020,10
state media - Zhong Nanshan ,01/30/2020,3
state media - Zhong Nanshan ,01/31/2020,1
state media - Zhong Nanshan ,02/02/2020,3
state media - Zhong Nanshan ,02/04/2020,1
state media - Zhong Nanshan ,02/07/2020,3
state media - Zhong Nanshan ,02/10/2020,1
state media - Zhong Nanshan ,02/11/2020,2
state media - Zhong Nanshan ,02/12/2020,1
state media - Zhong Nanshan ,02/13/2020,2
state media - Zhong Nanshan ,02/15/2020,1
state media - Zhong Nanshan ,02/17/2020,1
state media - Zhong Nanshan ,02/18/2020,5
state media - Zhong Nanshan ,02/22/2020,3
state media - Zhong Nanshan ,02/23/2020,2
state media - Zhong Nanshan ,02/24/2020,1
state media - Zhong Nanshan ,02/27/2020,8
state media - Zhong Nanshan ,03/01/2020,4
state media - Zhong Nanshan ,03/02/2020,1
state media - Zhong Nanshan ,03/03/2020,2
state media - Zhong Nanshan ,03/07/2020,3
state media - Zhong Nanshan ,03/09/2020,2
state media - Zhong Nanshan ,03/12/2020,4
state media - Zhong Nanshan ,03/13/2020,1
state media - Zhong Nanshan ,03/14/2020,1
state media - Zhong Nanshan ,03/18/2020,10
state media - Zhong Nanshan ,03/19/2020,1
state media - Zhong Nanshan ,03/25/2020,2
state media - Zhong Nanshan ,03/26/2020,1
state media - Zhong Nanshan ,04/01/2020,1
state media - Zhong Nanshan ,04/03/2020,1
state media - Zhong Nanshan ,04/04/2020,1
state media - Zhong Nanshan ,04/05/2020,2
state media - Zhong Nanshan ,04/06/2020,1
state media - Zhong Nanshan ,04/07/2020,3
state media - Zhong Nanshan ,04/09/2020,2
state media - Zhong Nanshan ,04/11/2020,1
state media - Zhong Nanshan ,04/12/2020,10
state media - Zhong Nanshan ,04/15/2020,3
state media - Zhong Nanshan ,04/16/2020,3
state media - Zhong Nanshan ,04/20/2020,1
state media - Zhong Nanshan ,04/22/2020,2
state media - Zhong Nanshan ,04/24/2020,2
state media - Zhong Nanshan ,04/27/2020,1
state media - Zhong Nanshan ,05/04/2020,1
state media - Zhong Nanshan ,05/07/2020,1
state media - Zhong Nanshan ,05/09/2020,1
state media - Zhong Nanshan ,05/25/2020,1
state media - Zhong Nanshan ,05/27/2020,1
state media - Zhong Nanshan ,05/28/2020,1
state media - Zhong Nanshan ,05/29/2020,1
state media - Zhong Nanshan ,05/31/2020,2
state media - Zhong Nanshan ,01/20/2020,1
state media - Zhong Nanshan ,01/21/2020,1
state media - Zhong Nanshan ,01/28/2020,1
state media - Zhong Nanshan ,01/31/2020,1
state media - Zhong Nanshan ,02/06/2020,2
state media - Zhong Nanshan ,02/18/2020,2
state media - Zhong Nanshan ,02/22/2020,1
state media - Zhong Nanshan ,02/27/2020,2
state media - Zhong Nanshan ,03/01/2020,1
state media - Zhong Nanshan ,03/03/2020,1
state media - Zhong Nanshan ,03/04/2020,1
state media - Zhong Nanshan ,03/09/2020,2
state media - Zhong Nanshan ,03/11/2020,1
state media - Zhong Nanshan ,03/12/2020,2
state media - Zhong Nanshan ,03/13/2020,1
state media - Zhong Nanshan ,03/15/2020,1
state media - Zhong Nanshan ,03/18/2020,3
state media - Zhong Nanshan ,04/05/2020,1
state media - Zhong Nanshan ,04/10/2020,1
state media - Zhong Nanshan ,04/12/2020,1
state media - Zhong Nanshan ,04/13/2020,1
state media - Zhong Nanshan ,04/15/2020,1
state media - Zhong Nanshan ,05/29/2020,1
state media - Zhong Nanshan ,05/30/2020,1
state media - Zhong Nanshan ,05/31/2020,1
state media - Zhong Nanshan ,01/20/2020,6
state media - Zhong Nanshan ,01/21/2020,3
state media - Zhong Nanshan ,01/23/2020,1
state media - Zhong Nanshan ,01/24/2020,1
state media - Zhong Nanshan ,01/25/2020,1
state media - Zhong Nanshan ,01/29/2020,3
state media - Zhong Nanshan ,01/30/2020,1
state media - Zhong Nanshan ,02/02/2020,3
state media - Zhong Nanshan ,02/03/2020,3
state media - Zhong Nanshan ,02/04/2020,1
state media - Zhong Nanshan ,02/06/2020,1
state media - Zhong Nanshan ,02/07/2020,4
state media - Zhong Nanshan ,02/12/2020,1
state media - Zhong Nanshan ,02/15/2020,1
state media - Zhong Nanshan ,02/18/2020,3
state media - Zhong Nanshan ,02/19/2020,1
state media - Zhong Nanshan ,02/22/2020,2
state media - Zhong Nanshan ,02/23/2020,3
state media - Zhong Nanshan ,02/24/2020,5
state media - Zhong Nanshan ,02/25/2020,1
state media - Zhong Nanshan ,02/26/2020,1
state media - Zhong Nanshan ,02/27/2020,6
state media - Zhong Nanshan ,03/01/2020,1
state media - Zhong Nanshan ,03/02/2020,2
state media - Zhong Nanshan ,03/03/2020,1
state media - Zhong Nanshan ,03/07/2020,2
state media - Zhong Nanshan ,03/09/2020,2
state media - Zhong Nanshan ,03/11/2020,1
state media - Zhong Nanshan ,03/12/2020,4
state media - Zhong Nanshan ,03/13/2020,3
state media - Zhong Nanshan ,03/18/2020,11
state media - Zhong Nanshan ,03/19/2020,1
state media - Zhong Nanshan ,03/20/2020,1
state media - Zhong Nanshan ,03/25/2020,3
state media - Zhong Nanshan ,03/27/2020,5
state media - Zhong Nanshan ,03/28/2020,1
state media - Zhong Nanshan ,03/29/2020,1
state media - Zhong Nanshan ,03/27/2020,5
state media - Zhong Nanshan ,04/04/2020,1
state media - Zhong Nanshan ,04/05/2020,1
state media - Zhong Nanshan ,04/07/2020,1
state media - Zhong Nanshan ,04/08/2020,1
state media - Zhong Nanshan ,04/09/2020,1
state media - Zhong Nanshan ,04/10/2020,7
state media - Zhong Nanshan ,04/12/2020,5
state media - Zhong Nanshan ,04/15/2020,2
state media - Zhong Nanshan ,04/16/2020,1
state media - Zhong Nanshan ,04/20/2020,1
state media - Zhong Nanshan ,04/16/2020,4
state media - Zhong Nanshan ,04/22/2020,3
state media - Zhong Nanshan ,04/24/2020,1
state media - Zhong Nanshan ,04/25/2020,1
state media - Zhong Nanshan ,05/01/2020,2
state media - Zhong Nanshan ,05/04/2020,3
state media - Zhong Nanshan ,05/08/2020,1
state media - Zhong Nanshan ,05/11/2020,2
state media - Zhong Nanshan ,05/12/2020,1
state media - Zhong Nanshan ,05/28/2020,1
state media - Zhong Nanshan ,05/31/2020,3
state media - Zhong Nanshan ,01/21/2020,4
state media - Zhong Nanshan ,01/22/2020,1
state media - Zhong Nanshan ,01/24/2020,1
state media - Zhong Nanshan ,01/25/2020,1
state media - Zhong Nanshan ,01/26/2020,1
state media - Zhong Nanshan ,01/27/2020,2
state media - Zhong Nanshan ,01/28/2020,3
state media - Zhong Nanshan ,01/30/2020,2
state media - Zhong Nanshan ,01/31/2020,1
state media - Zhong Nanshan ,02/02/2020,3
state media - Zhong Nanshan ,02/04/2020,1
state media - Zhong Nanshan ,02/11/2020,1
state media - Zhong Nanshan ,02/12/2020,1
state media - Zhong Nanshan ,02/13/2020,2
state media - Zhong Nanshan ,02/15/2020,1
state media - Zhong Nanshan ,02/17/2020,1
state media - Zhong Nanshan ,02/21/2020,1
state media - Zhong Nanshan ,02/27/2020,4
state media - Zhong Nanshan ,03/02/2020,1
state media - Zhong Nanshan ,03/03/2020,2
state media - Zhong Nanshan ,03/04/2020,3
state media - Zhong Nanshan ,03/05/2020,1
state media - Zhong Nanshan ,03/12/2020,4
state media - Zhong Nanshan ,03/18/2020,3
state media - Zhong Nanshan ,03/20/2020,1
state media - Zhong Nanshan ,04/12/2020,1
state media - Zhong Nanshan ,04/16/2020,3
state media - Zhong Nanshan ,04/23/2020,1
state media - Zhong Nanshan ,04/24/2020,1
state media - Zhong Nanshan ,05/10/2020,1
state media - Zhong Nanshan ,05/22/2020,1
state media - Zhong Nanshan ,05/29/2020,4
state media - Zhong Nanshan ,05/31/2020,1
business media - Zhong Nanshan ,04-20-2020,1
business media - Zhong Nanshan ,03-18-2020,1
business media - Zhong Nanshan ,03-14-2020,1
business media - Zhong Nanshan ,02-27-2020,1
business media - Zhong Nanshan ,02-22-2020,1
business media - Zhong Nanshan ,02-18-2020,1
business media - Zhong Nanshan ,02-15-2020,1
business media - Zhong Nanshan ,02/12/2020,1
business media - Zhong Nanshan ,02/11/2020,1
business media - Zhong Nanshan ,02/07/2020,1
business media - Zhong Nanshan ,01-20-2020,5
business media - Zhong Nanshan ,05-17-2020,1
business media - Zhong Nanshan ,05/06/2020,1
business media - Zhong Nanshan ,05/04/2020,2
business media - Zhong Nanshan ,04-17-2020,1
business media - Zhong Nanshan ,04/12/2020,2
business media - Zhong Nanshan ,04/05/2020,1
business media - Zhong Nanshan ,04/04/2020,1
business media - Zhong Nanshan ,04/02/2020,2
business media - Zhong Nanshan ,03-29-2020,1
business media - Zhong Nanshan ,03-27-2020,1
business media - Zhong Nanshan ,03-26-2020,1
business media - Zhong Nanshan ,03-21-2020,1
business media - Zhong Nanshan ,03-20-2020,1
business media - Zhong Nanshan ,03-19-2020,1
business media - Zhong Nanshan ,03-18-2020,4
business media - Zhong Nanshan ,03/12/2020,5
business media - Zhong Nanshan ,03/11/2020,1
business media - Zhong Nanshan ,03/09/2020,2
business media - Zhong Nanshan ,03/05/2020,1
business media - Zhong Nanshan ,03/04/2020,1
business media - Zhong Nanshan ,03/02/2020,1
business media - Zhong Nanshan ,03/01/2020,2
business media - Zhong Nanshan ,02-27-2020,3
business media - Zhong Nanshan ,02-24-2020,1
business media - Zhong Nanshan ,02-22-2020,2
business media - Zhong Nanshan ,02-19-2020,1
business media - Zhong Nanshan ,02-18-2020,2
business media - Zhong Nanshan ,02-13-2020,1
business media - Zhong Nanshan ,02/12/2020,1
business media - Zhong Nanshan ,02/11/2020,1
business media - Zhong Nanshan ,02/10/2020,1
business media - Zhong Nanshan ,02/07/2020,1
business media - Zhong Nanshan ,02/03/2020,1
business media - Zhong Nanshan ,02/02/2020,3
business media - Zhong Nanshan ,02/01/2020,1
business media - Zhong Nanshan ,01-31-2020,1
business media - Zhong Nanshan ,01-30-2020,1
business media - Zhong Nanshan ,01-28-2020,2
business media - Zhong Nanshan ,01-26-2020,2
business media - Zhong Nanshan ,01-24-2020,1
business media - Zhong Nanshan ,01-21-2020,2
business media - Zhong Nanshan ,01-20-2020,6
business media - Zhong Nanshan ,05-31-2020,1
business media - Zhong Nanshan ,05/04/2020,1
business media - Zhong Nanshan ,05/03/2020,1
business media - Zhong Nanshan ,04-24-2020,1
business media - Zhong Nanshan ,04-22-2020,2
business media - Zhong Nanshan ,04-20-2020,1
business media - Zhong Nanshan ,04-16-2020,4
business media - Zhong Nanshan ,04-14-2020,2
business media - Zhong Nanshan ,04/12/2020,3
business media - Zhong Nanshan ,04/10/2020,3
business media - Zhong Nanshan ,04/09/2020,1
business media - Zhong Nanshan ,04/05/2020,1
business media - Zhong Nanshan ,04/04/2020,1
business media - Zhong Nanshan ,04/03/2020,1
business media - Zhong Nanshan ,03-29-2020,1
business media - Zhong Nanshan ,03-28-2020,1
business media - Zhong Nanshan ,03-27-2020,2
business media - Zhong Nanshan ,03-23-2020,1
business media - Zhong Nanshan ,03-18-2020,5
business media - Zhong Nanshan ,03/12/2020,7
business media - Zhong Nanshan ,03/11/2020,1
business media - Zhong Nanshan ,03/09/2020,2
business media - Zhong Nanshan ,03/06/2020,1
business media - Zhong Nanshan ,03/01/2020,1
business media - Zhong Nanshan ,02-29-2020,2
business media - Zhong Nanshan ,02-27-2020,8
business media - Zhong Nanshan ,02-24-2020,1
business media - Zhong Nanshan ,02-23-2020,3
business media - Zhong Nanshan ,02-22-2020,1
business media - Zhong Nanshan ,02-18-2020,4
business media - Zhong Nanshan ,02-14-2020,2
business media - Zhong Nanshan ,02-13-2020,3
business media - Zhong Nanshan ,02/12/2020,1
business media - Zhong Nanshan ,02/11/2020,3
business media - Zhong Nanshan ,02/09/2020,1
business media - Zhong Nanshan ,02/07/2020,1
business media - Zhong Nanshan ,02/04/2020,2
business media - Zhong Nanshan ,02/03/2020,2
business media - Zhong Nanshan ,02/02/2020,1
business media - Zhong Nanshan ,01-31-2020,1
business media - Zhong Nanshan ,01-30-2020,1
business media - Zhong Nanshan ,01-29-2020,2
business media - Zhong Nanshan ,01-28-2020,3
business media - Zhong Nanshan ,01-25-2020,2
business media - Zhong Nanshan ,01-24-2020,1
business media - Zhong Nanshan ,01-23-2020,1
business media - Zhong Nanshan ,01-22-2020,1
business media - Zhong Nanshan ,01-21-2020,4
business media - Zhong Nanshan ,01-20-2020,6
business media - Zhong Nanshan ,04-23-2020,1
business media - Zhong Nanshan ,04/02/2020,1
business media - Zhong Nanshan ,03-19-2020,5
business media - Zhong Nanshan ,03/12/2020,1
business media - Zhong Nanshan ,03/09/2020,1
business media - Zhong Nanshan ,03/05/2020,1
business media - Zhong Nanshan ,03/03/2020,1
business media - Zhong Nanshan ,02/09/2020,1
business media - Zhong Nanshan ,02/08/2020,1
business media - Zhong Nanshan ,02/07/2020,11
business media - Zhong Nanshan ,02/06/2020,2
business media - Zhong Nanshan ,02/01/2020,1
business media - Zhong Nanshan ,04/02/2020,1
business media - Zhong Nanshan ,03-27-2020,1
business media - Zhong Nanshan ,03-19-2020,4
business media - Zhong Nanshan ,03/09/2020,1
business media - Zhong Nanshan ,03/05/2020,1
business media - Zhong Nanshan ,02-28-2020,2
business media - Zhong Nanshan ,02-27-2020,3
business media - Li Wenliang ,04-23-2020,1
business media - Li Wenliang ,04/02/2020,1
business media - Li Wenliang ,03-19-2020,5
business media - Li Wenliang ,03/12/2020,1
business media - Li Wenliang ,03/09/2020,1
business media - Li Wenliang ,03/05/2020,1
business media - Li Wenliang ,03/03/2020,1
business media - Li Wenliang ,02/09/2020,1
business media - Li Wenliang ,02/08/2020,1
business media - Li Wenliang ,02/07/2020,11
business media - Li Wenliang ,02/06/2020,2
business media - Li Wenliang ,02/01/2020,1
business media - Li Wenliang ,04/02/2020,1
business media - Li Wenliang ,03-27-2020,1
business media - Li Wenliang ,03-19-2020,4
business media - Li Wenliang ,03/09/2020,1
business media - Li Wenliang ,03/05/2020,1
business media - Li Wenliang ,02-28-2020,2
business media - Li Wenliang ,02-27-2020,3
business media - Li Wenliang ,02/12/2020,1
business media - Li Wenliang ,02/11/2020,1
business media - Li Wenliang ,02/08/2020,5
business media - Li Wenliang ,02/07/2020,16
business media - Li Wenliang ,02/06/2020,1
business media - Li Wenliang ,02/01/2020,1
business media - Li Wenliang ,03-19-2020,2
business media - Li Wenliang ,03/11/2020,2
business media - Li Wenliang ,02/07/2020,4
business media - Li Wenliang ,05-20-2020,1
business media - Li Wenliang ,04-20-2020,1
business media - Li Wenliang ,04/02/2020,1
business media - Li Wenliang ,03-19-2020,4
business media - Li Wenliang ,03/05/2020,1
business media - Li Wenliang ,03/03/2020,1
business media - Li Wenliang ,02/11/2020,1
business media - Li Wenliang ,02/08/2020,2
business media - Li Wenliang ,02/07/2020,8
business media - Li Wenliang ,02/06/2020,2
business media - Li Wenliang ,02/01/2020,1
state media - Li Wenliang ,02/07/2020,8
state media - Li Wenliang ,03/19/2020,4
state media - Li Wenliang ,04/02/2020,2
state media - Li Wenliang ,02/07/2020,4
state media - Li Wenliang ,03/19/2020,1
state media - Li Wenliang ,04/02/2020,1
state media - Li Wenliang ,02/07/2020,7
state media - Li Wenliang ,02/08/2020,1
state media - Li Wenliang ,03/19/2020,4
state media - Li Wenliang ,04/02/2020,1
state media - Li Wenliang ,02/07/2020,10
state media - Li Wenliang ,02/08/2020,1
state media - Li Wenliang ,03/19/2020,3
state media - Li Wenliang ,04/02/2020,2
state media - Li Wenliang ,05/10/2020,1
business media - Wuhan Red Cross Society ,02/02/2020,1
business media - Wuhan Red Cross Society ,02/01/2020,3
business media - Wuhan Red Cross Society ,01-31-2020,4
business media - Wuhan Red Cross Society ,01-30-2020,1
business media - Wuhan Red Cross Society ,01-27-2020,2
business media - Wuhan Red Cross Society ,01-23-2020,1
business media - Wuhan Red Cross Society ,02/04/2020,1
business media - Wuhan Red Cross Society ,02/01/2020,2
business media - Wuhan Red Cross Society ,01-30-2020,1
business media - Wuhan Red Cross Society ,05-23-2020,1
business media - Wuhan Red Cross Society ,02/12/2020,1
business media - Wuhan Red Cross Society ,02/07/2020,1
business media - Wuhan Red Cross Society ,02/05/2020,1
business media - Wuhan Red Cross Society ,02/02/2020,3
business media - Wuhan Red Cross Society ,02/01/2020,2
business media - Wuhan Red Cross Society ,01-31-2020,4
business media - Wuhan Red Cross Society ,01-30-2020,2
business media - Wuhan Red Cross Society ,01-26-2020,1
business media - Wuhan Red Cross Society ,01-23-2020,2
business media - Wuhan Red Cross Society ,03-19-2020,2
business media - Wuhan Red Cross Society ,03-18-2020,1
business media - Wuhan Red Cross Society ,02-21-2020,1
business media - Wuhan Red Cross Society ,02/10/2020,1
business media - Wuhan Red Cross Society ,02/09/2020,1
business media - Wuhan Red Cross Society ,02/03/2020,1
business media - Wuhan Red Cross Society ,02/02/2020,2
business media - Wuhan Red Cross Society ,02/01/2020,4
business media - Wuhan Red Cross Society ,01-31-2020,4
business media - Wuhan Red Cross Society ,01-30-2020,2
business media - Wuhan Red Cross Society ,01-25-2020,1
business media - Wuhan Red Cross Society ,01-23-2020,1
state media - Wuhan Red Cross Society ,01/23/2020,1
state media - Wuhan Red Cross Society ,01/26/2020,1
state media - Wuhan Red Cross Society ,01/31/2020,4
state media - Wuhan Red Cross Society ,02/01/2020,7
state media - Wuhan Red Cross Society ,02/09/2020,1
state media - Wuhan Red Cross Society ,02/13/2020,1
state media - Wuhan Red Cross Society ,03/28/2020,1
state media - Wuhan Red Cross Society ,01/23/2020,3
state media - Wuhan Red Cross Society ,01/25/2020,2
state media - Wuhan Red Cross Society ,01/26/2020,5
state media - Wuhan Red Cross Society ,01/27/2020,4
state media - Wuhan Red Cross Society ,01/29/2020,1
state media - Wuhan Red Cross Society ,01/30/2020,3
state media - Wuhan Red Cross Society ,02/01/2020,4
state media - Wuhan Red Cross Society ,02/14/2020,1
state media - Wuhan Red Cross Society ,01/23/2020,2
state media - Wuhan Red Cross Society ,01/31/2020,3
state media - Wuhan Red Cross Society ,02/01/2020,5
state media - Wuhan Red Cross Society ,02/02/2020,1
state media - Wuhan Red Cross Society ,02/03/2020,1
state media - Wuhan Red Cross Society ,02/06/2020,1
state media - Wuhan Red Cross Society ,02/08/2020,1
state media - Wuhan Red Cross Society ,02/09/2020,1
state media - Wuhan Red Cross Society ,02/11/2020,1
state media - Wuhan Red Cross Society ,02/14/2020,1
state media - Wuhan Red Cross Society ,02/24/2020,1
state media - Wuhan Red Cross Society ,01/23/2020,1
state media - Wuhan Red Cross Society ,01/28/2020,1
state media - Wuhan Red Cross Society ,01/30/2020,1
state media - Wuhan Red Cross Society ,01/31/2020,1
state media - Wuhan Red Cross Society ,02/01/2020,1
state media - Wuhan Red Cross Society ,02/02/2020,1
state media - Wuhan Red Cross Society ,02/09/2020,1
